,metric,pred_accuracy,pred_fluency,pred_prosodic,pred_total,seed
0,r2,0.26947202601378517,0.435453350000331,0.469652498148964,0.3623352926477237,2.0
1,rmse,11.162478702321877,9.26142484190903,8.73556860311761,10.563461675671332,2.0
