,metric,pred_accuracy,pred_fluency,pred_prosodic,pred_total,seed
0,r2,0.5370615570279262,0.638008193679396,0.6369143938498775,0.5718214335926095,2.0
1,rmse,11.62251116445128,9.06919014230297,8.955446681451075,11.119445357490836,2.0
