,metric,pred_accuracy,pred_fluency,pred_prosodic,pred_total,seed
0,r2,0.24343598161339902,0.44292145203481176,0.4462527356053735,0.33618562650589545,2.0
1,rmse,11.62251116445128,9.06919014230297,8.955446681451075,11.119445357490836,2.0
