,metric,pred_accuracy,pred_fluency,pred_prosodic,pred_total,seed
0,r2,0.7159940119085793,0.7561754025519626,0.7606410008973856,0.7789476029902588,2.0
1,rmse,7.358823623420561,6.313088383480043,6.274785411055893,6.417769604183394,2.0
