,metric,pred_accuracy,pred_fluency,pred_prosodic,pred_total,seed
0,r2,0.5151583082469358,0.6574457168430576,0.6511073589020675,0.5609834375407386,2.0
1,rmse,11.852820679131327,8.793560796108851,8.74057576637944,11.208969821921041,2.0
