,metric,pred_accuracy,pred_fluency,pred_prosodic,pred_total,seed
0,r2,0.284593442846102,0.4593366383291352,0.43027096799216624,0.35483658233271126,2.0
1,rmse,11.852820679131327,8.793560796108851,8.74057576637944,11.208969821921041,2.0
