,metric,pred_accuracy,pred_fluency,pred_prosodic,pred_total,seed
0,r2,0.8287875922386162,0.8542073843910906,0.8433258007133739,0.8679685944169384,2.0
1,rmse,6.572596369155603,5.517992035870661,5.571383777923953,5.788430902294816,2.0
